Username,Tanggal,Rating,Isi Review,Label Sentimen
Warno Irawan,11 Juli 2025,3,"Aplikasinya ringan, mudah digunakan buat bayar pajak, pengesahan dan banyak pilihan pembayaran. Cuma setelah pembayaran pengiriman stnk nya sangat lama, semingguan masih belum ada proses juga gatau sampai kapan. Padahal ongkir nya lumayan mahal juga, mohon diperbaiki untuk pencetakan dan pengiriman agar lebih cepat. Masa cetak selembaran doang harus berminggu-minggu",
SAP,12 Juli 2025,5,"selalu pakai layanan Signal, simpel, gampang dan sat set banget.. tapi tolong pilihan pengiriman jgn pos aja, selalu ada aja masalah di pengiriman.. kurir pos ampun deh.. tolong ya pak/bu kasih pilihan kurir lainnya, selain pos indonesia.. pliss inimah",
Triana Zainatul Q,14 Juli 2025,1,Tolong systemnya diupgrade lagi agar bisa melakukan pembayaran pajak yang lewat kurang dari 2 bulan. Padahal di bagian F&Q pembayaran online bisa dilakukan jika keterlambatan tidak lebih dari 2 bulan tp nyatanya saya coba ttep tidak bisa dan harus datang ke samsat kota asal. Atau setidaknya setidaknya sediakan layanan autodebet agar tidak terjadi keterlambatan,
Bawono,12 Juli 2025,5,"bagus, bagi yg tidak punya waktu untuk ke kantor samsat sangat membantu. cuma biaya plus plusnya lumayan banyak, hampir 20% dari pajak yg harus di bayarkan. usul saja kalau bisa jasa pengiriman kita bisa pilih, ada opsi lah sehingga masyarakat bisa cost down. aver all its OK Good, MANTAP",
Sandy Akbar,11 Juli 2025,3,"Sempat muncul notif tidak dapat didaftarkan ketika proses pendaftaran pengesahan STNK, terpaksa datang ke Samsat utk dicek di loket TU Pajak. Akhirnya problem bisa diselesaikan, proses di aplikasi Signal lancar sampai di proses pembayaran via mobile banking dan langsung ambil stnk yg sudah jadi di loket yg sama. Terima kasih petugas di loket TU yg helpfu",
agung pratama,12 Juli 2025,1,tahun sebelumnya lancar dg signal. sekarang tidak. selalu error TI68 saat pembayaran. sudah uninstall dan install ulang tapi selalu gagal transaksi Timeout. Sumatera Barat.,
Hendra Lesmana,11 Juli 2025,1,"bayar pajak via aplikasi ,udh bayar lunas + biaya pengantaran ,di aplikasi udah selesai di kirim barang ga datangÂ² di lacak resi di kantor pos data tidak ditemukan !! ngechat cs malah di suruh sabar",
Martina Indriyasari,11 Juli 2025,5,"ada aplikasi signal mempermudah bayar stnk, apalagi yang tinggal di luar kota pakai aplikasi signal lebih efisien, jadi tidak harus bolak balik pulkam,terima kasih samsat",
Eka,12 Juli 2025,5,"Keren, aplikasinya mudah, simpel, dan sederhana. Tahun ini merantau dan aplikasi ini sgt memudahkan dalam pembayaran pajak. Thank u samsat, maju terus ",
Elia Roza,10 Juli 2025,2,"terbantu sih untuk pembayaran,tapi untuk pengiriman dokumen sudah sebulan, status masih pra-collecting, tidak ada estimasi waktu pengiriman, sepertinya tidak recomended untuk pengiriman dokumen",
Sapril Bachri,11 Juli 2025,1,Lagi Register akun Sudah Masukin Data KTP yg sesuai .. pas submit malah keterangannya data kependudukan tidak sesuai .. gimana ceritanya Upload foto + input NIK + Nama Sesuai tapi pas submit malah data kependudukannya malah tertera tidak sesuai,
Riyanto Nur,14 Juli 2025,5,"joss mantap, sangat mudah dan tidak ribet, terima kasih signal, pokoke joss, salam presisi, lima tahunan donk biar ganti plat nomor jg bisa online",
Anes Roses,12 Juli 2025,5,"benerÂ² mempermudah, semoga ada juga yang 5 Tahunan begini, hasil gesek no rangka dan no mesin utk pajak 5 Tahunan bisa di foto saja ke aplikasi signal itu hasil pengisian kertas geseknya",
qmx,14 Juli 2025,1,"bayar pajak kok di persulit, udah coba dari bulan 6 sampek sekarang gak bisa buat areal bengkulu, asik pemeliharaan katanya tanpa tindak lanjut, biarlah pajak motor sama mobil di rumah ini gak bayar semua karna di persulittt ğŸ‘ğŸ‘",
Nik Erik,14 Juli 2025,5,"penggunaan aplikasi signal simple dan sangat membantu untuk urusan samsat menyamsat kedaraan hak milik an pribadi, semoga aplikasi ini terus bekembang untuk lebih bagus kedepannya.",
Inisial E B,9 Juli 2025,3,"sudah 1 bulan pajak, bukti tanda pajak belu. dikirim. Transaksi lewat toko ijo, ada bea kirim. tanya di cs samsat setempat (sosmed) dijawab kalo tidak dikirim silakan ke samsat terdekat, kalo gitu mending datang langsung... ğŸ˜‡ğŸ˜‡ digitalisasi harusnya semuanya, tidak lagi suruh balik ngurus offline. perlu ditingkatkan lagi ya min, moga tahun depan bisa lebih real digitalisasi nya",
Aji Seno,9 Juli 2025,2,"saya daftar bacaannya data tidak sesuai lah padahal saya daftar pake ktp saya asli, gajelas, mau bayar pajak kendaraan aja dipersulit, katanya lewat aplikasi bisa lebih mudah, baru daftar aja udah bikin orang darah tinggi, KOCAK",
Abdul Hakam,12 Juli 2025,4,"Masih ada bug, misal kayak kalo kita milih ngambil langsung, tapi ada biaya pengiriman (ini terjadi kalo awalnya kita mau dikirim tapi kita balik ke menu awal terus milih menu ambil sendiri, ada yang kurang di codenya mungkin), tapi kalo di bilang memudahkan, saya setuju",
Ade Irfan,2025-04-23 00:00:00,5,"Sangat membantu aplikasi ini,buat masukan aja ya ,,untuk pengiriman nya kalo bisa di percepat,ada pilihan pos kilat atau pake gosend yg deket,supaya tidak lama di pengiriman,soalnya ada pilihan 2 opsi sampai nya sama aja,selebihnya josss gandos.....mantappp",
Mercy Grace,2025-04-24 00:00:00,5,"Aplikasi ini sebenarnya sangat membantu bagi orang-orang yang akan membayar pajak tapi berada di luar domisili ktp. Tapi, aplikasi ini perlu terus ditingkatkan agar sistemnya bisa di akses dengan lancar. Karena terkadang saat mau membayar pajak, sistemnya suka eror. Terima kasih",
Alfian Eka,16 Juni 2025,1,mending tutup aplikasi nya. eror mulu. pelayanan lambat. kirain bayar dengan metode online lebih efektif tau nya malah makin parah dan menjadi jadi. ada ongkir tapi lemot banget gak dikirim kirim! bug dimana mana! user test dulu kalo mau di up ke public gak asal asalan bikin aplikasi,
Indria Lestari,12 Juni 2025,5,"Pertama X ngurusin pengesahan STNK tanpa harus datang ke samsat, cukup lewat apk signal.prosesnya mudah, cepat, tp harus ada jaringan yg kuat krna kalo gak bakal buffering.Tingkatkan terus pelayanan aplikasinya, dan pertahankan kualitas dan kepuasan masyarakat",
Andri Turbo28,16 Mei 2025,1,tolong oknum saya mau bayar pajak lewat aplikasi tetapi setiap mendekati bulan nya tidak bisa pengesahan. ternyata itu akal-akalan oknum suruh ke samsat dengan merubah status menjadi membutuhkan validasi data dan harus ke samsat. tapi ujung nya dia suruh bayar lewat samsat dengan alasan aplikasi error dan sinyal nya saja itu. faktanya mereka merubah statusnya menjadi butuh validasi .tolong yang buat aplikasi dan pemerintah menangani kasus seperti ini,
Tami Prasiwi,2025-04-30 00:00:00,1,"dari kemarin mau bayar susah. keterangan ga bisa daftar stnk la, trus uda proses pembayaran di persulit lagi dengan ket kode bayar belum tersedia padahal uda input benar ga. trus ditanya di live chat juga ga membantu sama sekali. masa agent nya sibuk terusÂ ",
Stefanus Indra,17 Mei 2025,2,Proses pembayaran lumayan cepat dan banyak opsi pembayaran. Cuma proses pengiriman dokumen lama pakai pos express sampai 3 hari padahal ongkir lumayan. 27k dan hanya pakai expedisi. tolong ditingkatkan lagi,
Agus W,10 Juli 2025,5,"Sangat membantu sekali , aplikasi simple , ga ribet , proses cepat. Tambahkan fitur2 lain untuk mempermudah wajib pajak. Sebetulnya orang2 itu bukan ga mau pajak ,tapi prosesnya yg dipersulit. Dengan adanya aplikasi ini mantablah ,simple ga ruwet. ada kemajuan bisa bayar pajak dari rumah. Pengiriman stnk ke rumah juga cepat",
Ardie Arie,1 Juli 2025,1,"Pendaftaran gagal terus, ktp dan foto sudah sesuai dan sudah pernah saya gunakan untuk pendaftaran rekening bank, bpjs, dll tanpa ada perubahan data dalam kurun waktu 4 tahun terakhir. lebih mudah saat bisa langsung bayar ke pihak ketiga tapi malah dipindah lagi ke aplikasi yang nyatanya belum lulus tes blackbox saat developmentnya",
Asri Adi,7 Juli 2025,1,"malah di buat pusing, mau masukkan data kk malah kolomnya gak bisa di klik, lah gimana mau bayar, datang ke samsat tapi gak bisa krn luar provinsi, pakai SIGNAL malah gak bisa isi KK, saya kira di permudah malah di persulit apk ini. tingkatkan lagi layanannya bosku biar masyarakat lebih mudah bayar pajak",
Ogi Hadori,4 Juli 2025,3,"untuk daftar nya susah, verivikasi gagal terus, padahal data diri udah sesuai e-ktp , data diri sudah terdaftar juga di e-ktp elektronik, bahkan memakai apk lain untuk pendaftaran memakai e-ktp lancar tidak ada kendala,.. hayoh kenapa min ?, padahal cuma ingin bayar pajak kendaraan masih saja susah hadeuhhh..",
Zuli Setiyaningsih,2025-04-12 00:00:00,5,"Mempermudah pembayaran pajak kendaraan, apalagi bagi kita yg bekerja. Tidak perlu antri di samsat, tinggal sat set ketik diaplikasi Signal. Hanya saja saya mencoba menambahkan kendaraan saya yg lainnya, tp kok tdk bs ditambahkan di aplikasinya ya? tapi selebihnya pelayanannya oke.",
akiemsusanoey,2025-04-08 00:00:00,2,sangat aneh pelayanannya. saya mencoba byr pajak STNK via signal dan bayar dan pilih ambil di Samsat tapi tetap diminta dokumen seperti proses awal. Laah kan sudah beres via apps kenapa harus lampirkan ini itu ? Tahu gini mening kirim via pos. Tidak ada guna nya apps ini.,
Trhliya_ 24,11 Juli 2025,5,"pengesahan stnk nya sangat mudah , dan pengiriman stnk nya pun sangat cepat cuma 2 hari aja , bagus bangett jdi ga perlu ngantri2 buat bayar pajak disini aja",
dita a,11 Juli 2025,1,"kenapa mau verifikasi ngga bisa??? sy coba 10x, foto 10x, foto ktp 10x, 10x juga aplikasi ini respondata sy tidak sesuai di dukcapilğŸ˜­ğŸ˜­",
Marisa Dewita,14 Juli 2025,3,sudah 7 hari ko status masih pra collecting...kapan dikirimnya ko lama banget sih...tolong bantu segera dikirim... terimakasih tingkatkan kembali kecepatan nya...,
G Yuda,11 Juli 2025,5,"sangat membantu dan mempermudah pembayaran pajak Ranmor, terimakasih. kedepan semoga perpanjangan pajak 5 tahunan juga bisa online, selain memudahkan menambah kas negara juga menghilangkan percaloan",
Sabanul Yamin,9 Juli 2025,5,"Sangat Membantu Sekali, Rekomemded. Memudahkan saya untuk membayar pajak kendaraan tepat waktu tanpa harus ke SAMSAT. ini keempat kalinya menggunakan aplikasi SIGNAL dan sangat memuaskan bagi saya yang pekerja kantoran. Cuma tahun ini ada biaya Platform sebesar Rp 10.000.- yang harus dibayarkan... tapi itu tidak jadi masalah yang penting bisa bayar pajak dan menjadi warga negara yang taat",
Rusdi Mahendra,11 Juli 2025,5,"proses cepat, mudah, cocok bagi pengguna yg lg merantau luar provinsi. pengiriman juga cepat.",
Ferdi Jufri,11 Juli 2025,1,awalÂ² aplikasinya berfungsi.sekarang susah ga bisa bayar pajak lewat aplikasi.live chat ga berfungsi jawabannya muterÂ² terus.Payah mending buang aja aplikasi sampah,
Alwani Hisbuloh,2025-04-17 00:00:00,1,"aplikasi tingkat nasional tapi sering gangguan,banyak erornya. ada kendaraan saya yg tidak bisa ikut pengesahan stnk, ada yang bisa tapi kode bayar tidak terbaca, sudah saya ulang berkali kali sampe beberapa hari tapi tetap sama. tingkatkan lagi",
snowcoco CB,2 Juli 2025,5,"Aplikasi ini sangat membantu! jujur sering telat bayar pajak karena susah cari waktu untuk pergi langsung ke samsat, tapi setelah tau ada signal ini bayar pajak kendaraan jadi mudah banget ! kurir dari POS Indonesia juga sangat komunikatif dan membantu",
mdmulia,20 Juni 2025,1,pengembangan aplikasinya mungkin sengaja dihambat kali ya. bayar lewat signal pake bank bri gabisa2. nyoba pake btn bisa. eh setelah brhasil transaksi status bayar pajaknya pun belum bayar. tiba2 ada wa dari pos kalo gabiaa ngirim. suruh ke samsat buat nyetak lembar pajaknya. hhemm... ruwet emang sistem pajak negara ini,
Mayang Sari,14 Mei 2025,5,sangat bermanfaat untuk yg sibuk dan tidak sempat datang ke samsat. pembayaran mudah dan dokumen langsung di antar. tapi sayang gak dpt stiker untuk stnk jadi harus print lagi. trus juga pengiriman agak lama meskipun saya pakai jasa pengiriman yg instan. h+7 dokumen baru diantar ke rumah. cuma saran untuk pengiriman bisa di percepat. thank,
Abdul Rifaih,21 Mei 2025,1,untuk pengaduannya gak jelas asli.. masalah pembayaran melalui tokopedia sudah berhasil namun di aplikasi ini status pembayaraan tidak berubah dan malah kadaluwarsa. pengaduan lewat aplikasi ini di suruh lewat email dan sudah di email beberapa kali pada jam operasional tidak ada jawaban parah. emng di samsat orng sebanyak itu ngapain ajja sibuk semua atau emng menyibukin diri sendiri ajja,
Dini Nf,18 Mei 2025,1,"aneh bngt orang mau bayar pasti katanya kode bayar tidak ditemukan,udah coba berulang kali dari kemarinÂ² masih aja begitu, padahal udah bener loh,ini error apa gimana?katanya mempermudah tapi begitu, padahal kemarin udah dateng ke Samsat nya langsung,malah suruh pakai apk nya aja,giliran ini udah pake apk nya malah ga bisa buat bayar,gimana siihhh!!!",
ato vhyethartz,10 Juli 2025,5,"mohon untuk dibenahi kembali dibagian pelacakan resi (khusus untuk dokumen yang dikirim),karena jika di klik lacak tidak muncul atau tidak terdeteksi untuk pelacakan nya...#tapi over all sudah bagus...thanks.",
Daman Jaya,8 Juli 2025,5,"Bagi orang yang tidak ada waktu untuk mengurus pajak, dengan aplikasi SIGNAL semua dapat mengurus dengan mudah, untuk pembayarannya juga mudah tinggal pilih aja jenis pembayarannya, dan estimasi pengiriman STNK nya kurang lebih seminggu setelah kita transaksi.",
Julia Hartatii,10 Juni 2025,4,overall oke. pengiriman lumayan apk nya pak pembayaran pilih bank lama sekali muncul kodenya bahkan gak bisa. jadi bayar di tokped. untuk kartu fisiknya tidak seperti kita datang langsung ke Samsat,
charis s afandi,19 Mei 2025,2,"bayar pajak kendaraan pakai aplikasi ini ada biaya layanan dan biaya pengiriman, disaat negara yg butuh rakyat kenapa harus dibikin sulit??? pengiriman juga lamaaaa sekali, tercetak tgl 2, nyampeknya tgl 16...mending drive-thru aja lah",
auda,14 Juni 2025,1,"aplikasi ini membantu, akan tetapi status masih dipenerbitan dokumen digital selama 1 bulan tidak berubah status ke pengiriman??? lama kali, padahal bayar juga lgsg loh, ga kredit. Ayo diperbaiki lagi ini sistemnya. Masak kalah sama belanja online.",
Muhammad Wildan,6 Juni 2025,5,Improve yg barusan saya rasakan sangat baik di aplikasi pemerintah yg satu ini. sebelumnya saya kecewa sama aplikasi ini karna susah banget setiap masukkan plat ga kebaca tapi skrg sekali masukkan langsung kebaca. kali ini saya bangga dan teruskan lakukan yang terbaik dan JANGAN DIKORUPSI,
Siti Kasiani,11 Mei 2025,1,"Aplikasi gk guna. Mau bayar aja susah bgt. udh coba ke atm bri, alfamart, indomaret shopeepay, gagal semua. cs nya juga gk membantu, cmn d suruh nyoba berkala. Udh d voba berkala tp tetep aja gk bisa, sampai jatuh tempo",
Darmadi Z'ach,9 Mei 2025,3,"bagus apknya jd byr pajak tidak di calo2in org pajak,utk transaksi pertama pajak di kirim krmh tp utk transaksi ke dua pajak gk ada di kirim krmh krn tergantung petugas Samsat yg di wilayah kendaraan kita mau kirim atau tidak ini yg msh sistemnya nya kurang bagus,hrsnya sistemnya bisa di rubah lagi utk pengiriman pajak nya",
Yonathan Tanuwidjaja,14 Mei 2025,4,Mempermudah perpanjangan STNK. Namun untuk aplikasinya untuk tiap responnya masih agak lambat.. Saya rasa masih dapat ditingkatkan untuk lebih di optimalkan aplikasinya.. Terimakasih,
hana pzh,19 Juni 2025,1,verifikasi email tidak bisa. CS hanya office hours. seharusnya 24 jam dengan sistem shifting jadi jam berapapun ada kendala bisa langsung di selesaikan. masa kalah dengan aplikasi swasta. verifikasi email saja ribet sekali telat2 masuknya. saya verifikasi dibilang kadarluasa padahal di menit yang sama Saya klik. payah,
Kundoyo,17 Mei 2025,1,"aplikasi gk jelas. sangat tidak membantu. pengesahan pendaftaran selalu gagal. pengaduan lewat live chat gk bisa cuma muter"" doang. pengaduan lewat email gk ada respon balasan. pengaduan lewat fb dijawab oleh sistem bla bla bla. maunya sebenarnya apa sih.? koar"" wajib bayar pajak tapi sarana pembayaran sangat dipersulit. maunya gimana sih.? bayar susah, gk bayar salah. parah... parah... parah",
ADR OI,12 Juli 2025,5,saya daftar gak bisa karna e ktp masa berlaku 2017 bukankah sekarang ktp meski masa berlaku habis.tapi tetap bisa gunakan tapi aku daftar di sini gak bisa hanya karna berlaku e ktp,
Ani Darwati,3 Juni 2025,5,toppp.. sangat memudahkan bgt.. kalau bisa adaiin fitur untuk pemutihan perubahan alamat dan nama pemilik motor ya pak. biar sy gausah jauh2 ke samsat.. kalau adain fitur itu dijamin si bakal jadi keren dan membantu semua org.,
Nanda Frima,8 Juli 2025,4,"Pengalaman pertama pakai signal, keren dan sangat membantu. Hanya saja utk tracking pengiriman kok ga ada update ya, problem nya di pos atau di signal? tiba2 udah nyampe aja.",
Sutrisno SPd,25 Mei 2025,3,"Sudah cukup bagus, namun sayang laporan di transaksi tertulis ""kadaluwarsa"" pdhl di pembayaran sdh sukses dan terkonfirmasi. Laporandi transaksi jg cenderung lambat. Pengaduan di aplikasi hya robot yg bekerja shg tdk memberi solusi. Semoga menjadi perhatian utk terus diperbaiki dan dikembangkan.",
M Jaelani,2025-04-17 00:00:00,5,"Aplikasi ini sangat membantu dlm menyelesaikan pembayaran pajak kendaraan bermotor secara mudah, bisa dilakukan dari mana saja tanpa banyak buang waktu dan tenaga cukup 5 sd 10 menit sekesai sudah dapat bukti pembayaran digital. Tinggal bukti fisik tunggu kurang lebih 1 minggu sudah diterima.",
Phoebeanne S pratiwi,7 Mei 2025,3,"engga bisa tracking pengiriman STNK gw lebih ngeri ditilang perkara yg lalai dari mereka karena pengesahannya belum sampai ke pemilik (estimasi 2-3 hari) udah lebih dari 3 hari masih belum nyampe juga diperbaiki tolong, masa sekelas aplikasi pelayanan publik malah bikin ribet",
Sri Devi Setyowati,28 Juni 2025,5,"Tadinya takut mau memperpanjang di aplikasi signal ini, memberanikan diri untuk memperpanjang STNK ini di aplikasi signal, tapi prosesnya lama banget, dan setelah kirim email kasih tanda bukti pembayaran engga lama langsung proses pengiriman, dan terimakasih banyak aplikasi signal mempermudah untuk memperpanjang STNK , amanah. sukses",
Rahmah Putri,20 Juni 2025,5,"Enak banget pake aplikasi ini, jadi dipermudah semuanya Tinggal isi data konfirmasi pembayaran langang dikirim deh dokumennya gak perlu pake calo calo lagi lumayan lebih hemat, berguna banget untuk anak rantau dan menghemat waktu bangettt Next kalo bisa dibuatin aplikasi untuk perpanjangan 5 tahunan yaaa",
Lathifa Teesha,19 Juni 2025,1,"Prosesnya sampai payment nya memang gampang sangat memudahkan, tapi untuk diserahkan ke POS nya suangat lamaaaaa berbulan bulan. kalo lama mending jangan di adain online deh khususnya TASIKMALAYA, prosesnya sangat lambat sekali. mending nyuruh orang buat perpanjang STNK offline dari pada payment cepet tapi prosesnya berabad abad.",
Ketrin Nurhana,2 Juni 2025,1,tujuannya dibikin aplikasi ini apa? kalo sama saja ribetnya. saya mau bayar pajak motor. dan stnk atas nama bapak saya. sedangkan beliau diluar pulau. tapi tidak bisa bayar kalo akun dan kepemilikan tidak sama. gunanya ada aplikasi online buat apa klo tidak bisa mempermudah,
An'im Mudzakir,2 Juli 2025,1,"aplikasi buruk, jika data tidak sesuai bisa diberitahu mana yang yang tidak sesuai, seperti bold merah, ini nggak, udah input data, sudah benar tetap tidak bisa daftarkan kendaraan, bad aplikasi",
Nhino Rider,15 Mei 2025,5,"dengan adanya apk signal ini,,kita membayar pajak jdi lebih mudah,,tdk perlu repot repot ngantri,,cukup ketak ketik isi datadirumah selesai,,goodjob,,hatur nuhun visan,, kalo sudah ada yg mudah ngapain cari cari yang repot,,lewat signal saja bayarpajaknya,,betul tidak",
Rosliana Siregar,2025-04-21 00:00:00,1,"Pengiriman STNK sangat lama dan respon atas pemgaduan kita ditindaklanjuti nya sangat lama. STNK saya sudah hampir 2 bulan belum diantar juga tp diaplikasi sudah dinyatakan selesai, saya coba hubungi kontak pemgaduan, tapi respon nya tidak ada, nyesal bayar dari online",
Han Ni,19 Juni 2025,4,"nggak bisa buka opsi kirim dokumen ke rumah, tidak tersedia mulu. tetep ambil sendiri intuk antk fisikny, itu kenapa ya? nggak tau erorr atau knpaa.... sudah bisaaaaa setelah beberapa kali gagal sip lah, tapi aku kasih 4 bintang dulu",
Wisnu Alfaris,26 Juni 2025,1,"pengiriman paket sangat lambat, sy transaksi pembayaran tgl 13 juni dikirim paketnya tgl 24 juni, 11 hari baru dikirim, di samsat Ujung Batu.ğŸ‘ Untuk resi pengiriman yg tertera di apl resi samsat bukan resi pos, jadi tidak bisa dilacak.",
sapril romdani,30 Juni 2025,5,"Pertama bayar PKB menggunakan secara online, mantep tdk perlu antri, lanjutkan pelayanan yang lebih baik, cepat dan tdk berbelit belit.. terimakasih. Utk pengguna lain perhatikan versi perangkat dan kecepatan internet yg digunakan.",
Abdul Akhir,2 Juli 2025,2,"Untuk Database oke semua terdaftar, namun Aplikasi ini ada kendala di Masalah Pembayaran tidak bisa akses ke MyBCA + ShopeePay (RTO). jadi saya Uninstall lagi dan akhirnya saya ke lokasi Samsat yang seharusnya Online membantumu untuk yg diluar daerah dengan cara bayar dan kirim ke tempat. Silahkan diperbaiki lg, siapa tau tahun dpn dpn bisa si akses dengan baik.",
Desijuna Juna,2025-04-10 00:00:00,1,"aplikasinya sih mudah di gunakan pembayaran mudah, tapi sampai sekarang stnk saya belum juga di kirim ke alamat rumah setelah saya sudah selesai melakukan pembayaran proges di aplikasi terhenti di penerbitan dokumen digital saja. pengaduan pun tidak direspon sama sekali sangat mengecewakan",
Rizki,7 Juni 2025,4,"bayar pajak stnk gampang, cuma tau tahun ini lama bgt. sampe nunggu lama baru di anterin. proses tahun kemaren cepet ga nunggu lama. tapi tetep best sih tanpa harus ke samsat tapi udah di kirim lewat apk. terus berkembang, maju, dan tdk lelet ya. sukses selalu kak",
Syafa'atul Hidayat,13 Juli 2025,5,proses kirim lebih di percepat lagi sesuai estimasi 3hr jangan sampe lewat.. bagus bagi orang yang sibuk dan tidak ada waktu luang ke samsat semoga terus berkembang apl y sangat bermanfaat sekali,
Bhoenkz Jalil TKRC#017,1 Juni 2025,5,sangat puas bagus dan mudah ada nya pelayanan bayar pajak online melalui apk singnal tidak perlu lagi untuk antri dan capek-capek berangkat jauh bayar pajak hanya lewat signal bisa sambil rebahan terselesaikan semua nya.,
Novayanti Silalahi,8 Mei 2025,5,sangat membantu aplikasi ini buat yg jauh dari Samsat setempat. dan cepat pengurusannya terimakasih signal memudahkan kita dimnapun berada mengurus STNK. Hanya untuk pengiriminnya bisa lebih cepat lagi.,
Yuni D Astuti,19 Mei 2025,5,"simpel,praktis dan ga ribet..cuma awal2 aja pas registrasi awal..pastikan nama di stnk sesuai memang 1 KK.skrg sdh ada biaya layanan,klo bisa biaya layanan bs lebih murah lagi..dari biaya pajak ada tambahan biaya layanan dan ongkir (ga masalah).",
Anwar Kholil,21 Mei 2025,1,"Tahun 2025 tiba2 signal bermasalah. Awal Mei tiba2 loading terus utk mendapatkan kode bayar. Lalu ada notifikasi Pengesahan STNK Tidak Bisa Didaftarkan. Saya email pengaduan bbrp hari tidak ada respons. Setelah direspons katanya pembayaran pajak harus ke samsat. Lah, lalu utk apa dibuat signal? mengapa malah mundur begini pelayanannya?",
Siti Rusmiyati,6 Mei 2025,5,"first time bayar pajak, ga ngerti apa apaa soalnya ini kendaraan punya bapak, tapi ternyataa mudahh banget pake aplikasi nya. dari awal daftar,pembayaran, sampai pengesahan STNK fisik pun... ga di persulit sama sekalii thanks btw aku pake jasa pos indonesiaa cepet banget datangnyaa",
Pasya Suranata,5 Mei 2025,4,"sangat memudahkan, cuma tolong nanti untuk pembayaran pajak kendaraan di daerah Bangka Belitung di adakan, soalnya saya masyarakat bangka Belitung tidak bisa menggunakan/melakukan transaksi pembayaran pajak kendaraan",
Jazmi Ramli,6 Mei 2025,5,"Aplikasi cukup memudahkan, hanya saja arahan untuk pemula yang instal masih kurang detail. Fitur pelacak pengiriman belum ketauan jadi baiknya ada.",
rama hadie,20 Mei 2025,1,aneh yg bikin aplikasi... ada kendala di pembayaran. di aplikasi signal Ket belum pembayaran tetapi di mbanking sudah kepotong dan di aplikasi signal menjadi kadaluarsa... sudah komplain melalui chat yg balas robot.. sudah email pun belum di respon.. masa mau duitnya doang.. tolong dibenerin lagi sistem kerja aplikasi dan layanan pengaduan..,
Grivy Grivy,2025-04-16 00:00:00,1,"saat mau pengesahan stnk, keterangannya tidak dapat diproses. sudah coba uninstall dan login ulang sama aja nggak ngaruh. ngadu via live chat dan email no respon. malah yang bales bot dan jawabannya template. sudah dicoba lebih dari seminggu tetep aja nggak bisa. terus gunanya apa si ni aplikasi? buang-buang anggaran aja!.",
Maru Nana,5 Mei 2025,2,"Bagus sih trobosan apknya.. tapi kalau mau urus pajak motor temen yang kita pakai, kaga bisa. Tolong kalau bisa di tambah opsi nama lain selain pribadi atau keluarga (kk)",
Mohammad Rifky Maulana,9 Mei 2025,5,"mempermudah pembayaran pajak, tolong ditingkatkan untuk kelayakan servernya saja terkadang lambat padahal sinyal dan jaringan lancar mungkin karena server sedang sibuk oleh banyaknya pengguna yang masuk secara bersamaan",
Jaya Kurniawan,2025-04-16 00:00:00,3,"Tahun 2024 bayar pajak kendaraan prtama kali pake Signal itu bagus banget, tp tahun ini entah kenapa ga bisa slalu error (pendaftaran pengesahan STNK tidak dapat diproses), tlg lah diperbaiki dan ditingkatkan kualitasnya, krena aplikasi ini sangat membantu bagi yg tidak sempat ke samsat dan yg sdh pindah domisili",
Muhammad Yusuf Ibrahim,2025-04-19 00:00:00,1,"mau bayar pajak via online gini aja masyarakatnya diperes harus bayar biaya platform 10rb, biaya transfer 10rb, biaya pengiriman 10rb. Oke lah masih masuk akal kalau ada biaya pengiriman 10rb, tapi apa harus ngenain biaya platform dan biaya transfer sebesar itu? sungguh tidak masuk akal. memberikan solusi untuk rakyatnya tetapi masih diperas juga dengan biaya biaya yang tidak masuk akal",
Khalib Akbar,2025-04-07 00:00:00,2,"Biaya perbankan dan platformnya terlalu mahal itu kalau mau ambil sendiri di samsat, kalau mau dikirim langsung ke rumah tambah lagi biaya ongkirnya, masih mending aplikasi online shop biaya layanan cuma 2rb ongkirnya murah sering dapat gratis ongkir juga.",
Marson O,7 Juli 2025,1,"data yg sudah di simpan hilang, coba menambahkan kendaraan lagi, infonya sudah pernah di tambahkan, tp di cek data nya tidak ada. jadi ga bisa untuk bayar. tolong di perbaiki",
JEDOTIN PALALU,6 Juli 2025,1,"Sulit untuk daftar sudah coba terus selama 3 hari. Masalah di e-KTP saat verifikasi profil keterangan tidak terdaftar di Dukcapil, padahal sy sudah punya aplikasi IKD (Identitas Kependudukan Digital) yg dikeluarkan dukcapil sendiri di Hp. Bagaimana tidak bisa sinkron ini? Yuk segera diperbaiki kendala yg ada, sy ingin bayar pajak kendaraan loh! Terima Kasih",
Fausi,2025-04-09 00:00:00,1,"kalau telat bayar pajak 1x dan mau bayar di pakai aplikasi ini tidak bisak dan harus ke samsat. terus gunanya ada aplikasi ini apa? harusnya bisa supaya mempermudah rakyat bayar pajak yang tinggal di perantauan. masak iya harus pulang kampung dulu supaya bisa bayar pajak. buat biaya pulkam saja mahal yang ada tidak bayar pajak,karena uangnya habis buat ongkos pulkam",
adi kurniawan,25 Mei 2025,5,"saya update lagi ya!! ini pertama kali nyoba bayar pajak online.. Alhamdulillah sampe pembayaran di Indomaret lancar jaya!!! proses sudah sampe pengiriman. tinggal nunggu pengiriman jasa kirim. terimakasih buat semua pihak yg terkait, ini sangat membantu buat kami yang ada di luar kotağŸ™ STNK sudah sampe di hari Sabtu, saya transaksi hari Jum'at!! gak nyangka bisa se gercep itu!! terimakasih banyak aplikasi SIGNALğŸ™ğŸ™ tahun depan mau lewat aplikasi aja",
Elzaldi Nadewirsal,11 Juli 2025,3,"membantu mempermudah pengurusan, pengiriman cepat, cuma sayang berkas yang diterima sedikit sobek",
ayu riski wulandari,10 Juni 2025,4,"pilihan pembayaran masi rancu. harusnya dr awal ada pilihan pembayaran mau pake bank apa atau dompet digital apa. jd ga bingung, ini kode bayar ternyata ga bisa di pake di bbrapa bank. tp over all sangat membantu jiwa2 yg malas kelua",
indah oey,2025-04-22 00:00:00,2,"ini aplikasi proses peningkatan lama banget dah, padahal bisa membantu banget buat orang orang yang mau perpanjang stnk diluar domisili dan untuk informasi di google yang menyatakan bisa memperpanjang stnk luar domisili di samsat terdekat tempat bekerja itu tidak bisa ya.",
Mr â€œCacaâ€ Caca,10 Juni 2025,5,"mantap nih saya sudah coba berhasil sangat membantu, alangkah lebih baik pajak 5tahunan sistem nya seperti ini mempermudah masyarakat dan bisa semakin antusias untuk taat bayar pajak namun kadang hologram stempelnya kadang ada kadang gak ada",
Diana Novia,5 Juni 2025,5,"Terimakasih Signal, bayar pajak lebih mudah saya tidak perlu pulkam dulu, jadi tidak perlu antri dan panas-panasan ke samsat, pengiriman cepat dari samsat majalengka ke jakarta barat 1 hari sudah sampai, pertahankan kerja bagus nya",
Ihza Gaming,2025-04-13 00:00:00,1,"aplikasi bermasalah terus, mau bayar pajak tpi ga bisa karena gagal terus pendaftaran pengesahan stnk. pdhl sdh di instal ulang dan data lengkap karena sebelumnya pernah dan berhasil, tpi sekarang malah ga bisa sama sekali",
Riyodi saputra,11 Juli 2025,5,Bayar pajak jdi gak ribet hrus ke kantor ny dan kalau mw bayar pajak dri luar kota juga bsa dikirim smpai lokasi.,
Kelik purwanto,12 Juli 2025,5,"sangat membantu sekali,simpel dan proses cepat dalam pengiriman ke alamat penerima.",
Junaidin,11 Juli 2025,5,"mau bayar pajak tapi malas keluar, lewat signal aja, mudah banget, cepat datang nya",
Sugie Chocolatoz,10 Juli 2025,5,amat sangat membantu. .. skalian balik nama atau perpanjang 5 tahunan nya di buat online. pasti bnyk yg byr pajak,
Bilal Mauludan,12 Juli 2025,1,"saya daftar mau bayar pajak, karena ngga ada waktu untuk datang ke kantor. malah tidak bisa daftar",
Dedi Sulaiman,12 Juli 2025,5,"Terimaksih banyak. Sangat membantu. Transaksi cepat, proses cepat. STNK sukses smpai di tujuan.",
Toni Saputrra,10 Juli 2025,5,"Pertama kali nyoba urus STNK ternyata lebih mudah dan cepat, dan 3 hari udah sampe mantap poko namah",
Harlequeen ,13 Juli 2025,1,"aplikasi nya ngga bisa di pake,, mau daftarin STNK buat bayar pajak notif nya gagal Mulu gimana sih",
Fatih,2025-04-07 00:00:00,5,Terimakasih aplikasi Signal sudah mempermudah pembayaran pajak kendaraan dengan waktu yang tak terbatas dan prosesnya juga cepat... pertahankan yaaa. semoga kedepannya semakin meningkat terus. bravoo samsaattt digital,
Linang Purbojati,11 Juli 2025,5,Mempermudah karena tanpa harus datang ke Samsat. Terutama bagi para perantau luar kota luar provinsi,
widadi gemilang,12 Juli 2025,5,"Signal memang top, mohon untuk memberi keleluasan layanan, misalnya melayani perpanjangan pajak tahunan kendaraan bermotor atas nama orang lain KK orang lain, Terima kasih",
Zyzye Mela,13 Juni 2025,5,bagus bgt adanya aplikasi ini bisa di antar sampai rumah juga untuk ibu rumah tangga yang punya anak ga perlu antri dan prgi jauh ke samsat membantu bgt siih aplikasi ini... estimasi pengiriman 3 hari.. sdh pasti sampai rumah... maju trus samsat utk inovasi2 lainnya.,
Arman Syah,13 Juli 2025,5,"sangat membantu, tapi mahon untuk status pengriman selalu di updte. terima kasih",
Dwi Sutrisno,10 Juli 2025,5,"mendaftar dengan mudah, proses pembayaran mudah, proses pengiriman ke rumah via pos, aman dan praktis",
Clow Goblin,11 Juli 2025,3,buruk sekali masak saya disuruh kedukcapil ngurus ktp padahal ktp aktif dan terverifikasi.gk bsa daftar untuk cek pajak aja dipersulit,
Fika Hikayah,14 Juli 2025,5,paket surat datang dengan aman dan lengkap. membantu sekali jarak jauh dan sibuk pekerjan lain.,
Wasri sajolah,10 Juli 2025,5,aplikasi memang sangat membantu. cepat respon.usahain menyambung yang 5 tahun. bisa melalui aplikasi,
Harry Nugroho,11 Juli 2025,5,aplikasinya mudah dimengerti dan mempermudah untuk bayar pajak kendaraan,
J N Bastian,14 Juli 2025,5,"mantab, sangat membantu sekali adanya aplikasi signal ini.mudah digunakan",
Ferdy Najjar,14 Juli 2025,4,sebaiknya adakan pembayaran melakukan barcode QRIS apa saja agar lebih mudah lagi,
Muhammad Haris Setiawan,12 Juli 2025,4,bayar pajak kendaraan luar daerah sudah semakin mudah dengan aplikasi signal ini,
Ibnu Fauzi,12 Juli 2025,5,mempermudah pembayaran pajak tidak perlu ke samsat,
Zain Rizal,10 Juli 2025,5,"Alhamdulillah pembayaran pajak kendaraan dapat dilakukan dengan mudah,",
Tri purwanto,20 Mei 2025,1,"min mimin,,tolong lah bug nya di benerin..masa kendaraan sudah validasi dll.kok mau bayar pajak pengesahan tidak berhasil...HARUS ke Samsat terdekat...lalu apa fungsi validasi ktp,email dan semacam nya??",
H_ Marpaung,5 Juni 2025,5,tahun2 yg lalu coba pake apps ini tp sering error tp di thn 2025 ini coba lagi trnyata bisa.. prosesnya berjalan lancar dan sangat membantu krna gak perlu repot2 lagi ke Samsat.. keren sih..,
anto begog,26 Maret 2025,4,"kalo baru pertama pake aplikasi ini pasti bingung cara bayar pengesahan TNKB nya,perlu ditingkatkan dipersimpel cara pembayarannya ,no transaksi pembayaran harus bisa dilihat berulang dan bisa di copy berulang supaya memudahkan pembayaran",
Budi Oke,2025-04-08 00:00:00,4,"saya pengguna SIGNAL sudah lama, namun beberapa bulan ini aplikasi SIGNAL TIdak dapat di gunakan selalu ada keterangan TIDAK DAPAT DI PROSES. mohon untuk di perbaiki untuk aplikasi nya.krna dgn adanya Aplikasi SIGNAL benar benar membantu.",
fitri samsung,23 Maret 2025,2,payah ..tahun lalu gampang ....CPT..tapi tahun ini mau coba aplikasi pas pengesahan itu cuma muncul barcode...tapi tidak di arahkan selanjutnya untuk pembayaran .jadi kayak ngantung,
Gusti Regina Rahmawati,2025-04-16 00:00:00,1,"tambahkan kendaraan bermotor, pas udah di tambahin, malah ga bisa,malah kenadaran sudah terdaftar, kapan daftarnya ???? tiba tiba udah terdaftr, terus mau buka pengesahan stnk malah harus lengkapin nomor kendaraan motor, hadehhhh",
shansans,2025-04-08 00:00:00,5,"lagi proses, dari awal sampai tahap selesai tapi belum sampai nerima fisik stnk, sejauh ini baik, mudah. namun ada catatan, ketika pilih opsi pengiriman, pada saat di awal hanya berapa, namun pas pembayaran, jadi 2x lipat",
adi oyong,2025-04-08 00:00:00,1,aplikasinya ok lah tapi banyak fitur yg tidak ada kayak perkiraan pajak kendaraan itu berapa apakah udah bayar atau belum dengan cara hanya memasukan no polisi dari kendaraan jadi kalau ada yg mau bayar pajak kan ada kepastian besaranya berapa dan ditailnya apa aja baik itu pajak tahunan atau 5 tahunan jadi ouner nya tahu dan ini akan mengurangi juga kkn dikantor pajak... tolong dilenkapi lagi kalau tidak percuma dah apk ini.dibuat dikasih bintang 3 aja dulu,
Rakun 27,2025-04-02 00:00:00,1,"Aplikasi ga guna. mau bayar malah di persulit, dapet kode malah ga bisa di buat bayar di semua media pembayaran. buat apa bikin aplikasi. mau nya bayar offline aja biar ga ke deteksi kalo mau di main mainin gitu?? ga bayar pajak di tilang mau bayar di persulit mau nya apa sih lu pada",
nurama shumah,2025-04-14 00:00:00,4,"Lebih muda, tidak usah antri. Hanya saja untuk admin di samsat harus setiap saat ngecek aplikasi, biar segera cepat cetak & kirim dokumen, tidak usah menunggu chat pengaduan baru dicetak & kirim",
Hanan Dzaki,3 Juli 2025,5,"Alhamdulillah berjalan lancar, tidak seperti yg lainnya. Mulai daftar dan bayar waktu pagi (subuh), lancar tanpa kendala. Hanya minus proses d jasa kirimnya,,, lumayan 3harian fisik pajak baru sampai",
Rizki Fauzi,26 Juni 2025,4,"minus dalam pengiriman nya sahaja kurang lebih hampir 2minggu baru ada,itupun pengirimnya tidak konfirmasi atau menghubungi bahwa tbpkp sudah di antar ke lokasi dalam bentuk chat atau bukti foto. selebihnya Cukup terus berkembang kedepannya buat tim signalÂ ",
Riza Arizona,22 Juni 2025,1,"aplikasi sangat tidak membantuu, susah buat daftar, semua data tidak valid, selalu kembali, selalu tidak bisa, cuma mau cek total suusahh nya minta ampunnn karna mau daftar saja tidak bisa!!",
mans syafri,20 Juni 2025,5,"sekarang sudah cepat respon transaksi pembayaran.,.langsung diproses..cuma nunggu 4 hari dokumen sudah sanoe di rumah saya..Over all..sudah memudahkan kita dalam pembayaran pajak kendaraan dan terhindar dari pungli oknum oknum yang memanfaatkan ketidak tahuan masyarakat awam, Terimakasih tim SIGNAL. Mantap betul",
Sigit Harmoko,20 Juni 2025,2,"Saya mau bayar pajak tahunan dan kirim stnk ke alamat, ketika mau bayar lewat Brimo tapi tidak ada pilihan untuk wilayah Lampung.. Kenapa ya?? Dan kritik aplikasi kurang sat set dan kayak setengah2 pemerintah buat aplikasi ini",
terry,4 Juli 2025,2,tolong dunk di perbaiki ini aplikasi .. jelek banget koneksi bermasalah mulu. pdhal wifi jalan. tolong dunk di perbaiki aplikasi nya.,
Ina Yudith,9 Juli 2025,5,"kereeen, baru pertama kali coba aplikasi signal buat perpanjang STNK motor caranya sangat mudah, tinggal input data motor kita, trus pilih layanan STNK tinggal bayar via transfer udah termasuk ongkir kerumah kita. tinggal nunggu aja dirumah (gak pake capek ngantri) hari ini sudah sampai STNK... terimakasih",
Joko Muntanto,20 Juni 2025,4,"sudah bisa kirim ke alamat rumah/kantor, tp proses pengirimannya dari samsat lama ( status update 2 minggu masih pracolecting terus) pas sudah dikirim di espedisi POS juga lama. tp mending ini drpd antri di samsat. makasih SIGNAL semoga kedepannya makin baik.",
Krisno Sanjoyo gandring,25 Juni 2025,1,"tak kira signal bisa byr pajak kendaraan yg masih atas nama org lain,.udah daftar,udah minta ktp org yg atas nama kendaraan,ee ternyata pajak kendaraan melalui signal hy bisa kendaraan atas nama sendiri dan hy bisa yg satu kk,.met",
Muhamad Jutana,2 Juli 2025,4,"Alhamdulillah sekarang bayar pajak lebih mudah tinggal pake aplikasi signal. Kalau boleh ngasih saran buat yg taat pajak, sesekali kasih diskon gratis ongkir untuk pengiriman dokumen fisiknya",
Kura Yui,4 Juli 2025,5,"Sangat membantu sekali buat orang yang gampang nervous kalau ketemu banyak orang. Urus dari rumah, tinggal tunggu Pak Pos di rumah. Walau sempet bingung di awal instal, pemakaian aplikasi ini cukup mudah. Sayangnya pas mau bayar via ShopeePay gagal terus. Entah masalahnya di mana. Tapi transfer bank lancar jaya.",
Benny Gunawan,18 Juni 2025,4,"semoga kedepannya dpt sticker hologram buat ditempel dilembar validasi stnk, biar gak perlu dateng ke samsat hanya utk sekedar validasi lagi, kan udah e-samsat masa iya msh harus validasi manual, jd rasanya seperti percuma aja byr via e-samsat / signal, cukup sekian & terimakasih.",
Yusup Supriatna chanell,20 Juni 2025,5,"terimakasih dengan adanya sistem online jadi mempermudah masyarakat untuk membayar pajak,cuma harus sabar menunggu hasil pisiknya sekitar sebulan baru smpe rumah tp gpp yg penting sudah terkonfirmasi bahwa kendaraan tersebut sudah membayar pajak",
mayy di,18 Juni 2025,4,"dimudahkan dengan aplikasi signal ini, klo bisa mah yg 5tahun jg bisa secara online, dan untuk plat nya bisa diambil di samsat domisili terdekat, ini untuk kita yg stnk n domisilinya jauh..",
Eman Sulaeman,30 Juni 2025,1,"perpanjangan pajak online di signal memang bisa, tapi tidak memuaskan. masa pengurusan perpanjangan pajak tahunan sampai 1 bulan belum sampai2 ke rumah. pelayanan sangat buruk. ehh maaf...emang betul kenyataannya.Â ",
Azura Rose,3 Juli 2025,3,"Saya selalu tepat waktu bayar pajak, karena ini hari terakhir masa Stnk saya, jadi saya bayar pake apk ini. Bukannya turun biaya STNK motor butut saya, tapi pake aplikasi ini malah ada tambahan biaya 20ribu. Orang mau bayar pajak aja masih dipalak.",
Udin Boy,29 Juni 2025,1,"mau daftar kedaraan gak bisa, mungkin karna beli motor second gak sesuai ktp, padahal niatnya mau bayar pajak tapi dipersulit.",
Kafato Kumara,2025-04-18 00:00:00,3,"transaksi pembayaran pajak sudah di bayar dan sudah tertera foto STNK-nya yang baru ... tapi kok STNK nya belum di kirim kirim lewat pos , tolong di perbaiki aplikasinya",
Jejen Jenal Mutaqin,31 Mei 2025,5,"sangat membatu sekali aplikasi signal ini mempermudah pembayaran pajak kendaraan, pengiriman STNK Pajak aslinya belum sampai, mungkin masih dalam proses",
Abdullah Solihin,2025-04-21 00:00:00,5,"aplikasi signal mudah digunakan dan sangat membantu. Tapi untuk pembayaran menggunakan gopay masih belum bisa berfungsi, mohon ditingkatkan kembali.",
Ari Muhammad Rasad,2025-04-27 00:00:00,1,"seperti aplikasi resmi pemerintah pada umumnya pasti selalu banyak bug nya, mau tambah data kendaraan aja selalu gagal wkwkwk emang rata rata aplikasi buatan pemerintah atau bumn itu selalu bermasalah heran gua juga wkw",
Salma Humairaa,2025-04-21 00:00:00,5,mantap saya sudah coba aplikasi perpanjang stnk tahunan lancar aman yg penting saat bikin akun nunggu proses nik di validasi kira kira 3 hari kemudian baru coba transaksi perpanjang online,
Zaky Akatsuki,13 Juni 2025,5,"Gampang dan mudah penggunaannya,tinggal tunggu di rumah saja...hanya tidak dapat stiker untuk pengesahannya,harus print barcode sendiri mantap",
Qiqi Alhaq,1 Mei 2025,5,Mantap lah mempermudah pembayaran pajak tidak harus ke samsat.. ya walaupun lama estimasi 14 hari tapi oke lah tetap dikirim dan diterima di rumah... Terimakasih,
Hardi Ilyas,24 Mei 2025,5,untuk pembayaran pajak online ini sangat membantu yg sibuk kerja dan tidak sempat membayar pajak ke samsat..dengan aplikasi pembayaran pajak kendaraan online ini..smua jadi mudah,
Yuda Oktavianto,24 Mei 2025,1,"sistem eror mulu si? mau bayar pajak loh ini ngebantu pendapatan negara ko dipersulit si? kalo gak bisa bikin aplikasi yg bagus gausah bikin, malah mempersulit masyarakat. tolong diperbaiki",
robi setiadi,17 Mei 2025,3,"APK nya lemot, pas udah bayar gk bisa buka riwayat transaksi sama sekali, padahal sinyal bagus, perbaiki lagi lah pake dana maintenence nya buat update ni app",
A_Pribadys,29 Mei 2025,5,"Sangat mempermudah masyarakat saat membayar pajak kendaraannya, yang memiliki kesibukan kerja ataupun usaha yang tidak bisa di tinggalkan. Sekarang bisa Online dan berkas bisa di antar langsung ke rumah pemilik kendaraan.",
Anis Try Hardiyanti,2025-04-26 00:00:00,5,"sangat membantu ketika pas tanggal terakhir pembayaran disaat hari libur atau cuti bersama,jadi kita tdk sampai kena denda.walau pengiriman agak lama,tapi tetap sampai....terimakasih sudah membantuÂ ",
new scudz,9 Juni 2025,4,pengiriman agak lama.. tapi terima kasih sudah mempermudah kami.. lain kali semoga bisa cetak sendiri di fotocopy terdekat..hehehe,
Al badrawi,2025-04-26 00:00:00,5,semoga kedepanya lebih baik lagi pelayanan onlinenya...kalau bs tdk lagi ada denda apapun buat pajak kendaraan dan tdk lagi ada progresif kendaraan,
Ego Gautama,20 Mei 2025,4,"pelayanan sudah oke, cuman permasalahannya ada pengiriman, sangatsangat lama, mudah2an bisa di evaluasi dan bekerjasama dengan jasa pengiriman yang lebih bagus, daripada yang ini..",
Pow,21 Mei 2025,4,"aplikasi yg sangat membantu masyarakat yg wajib pajak tahunan. tapi masih ada yg kurang klo ganti plat ga bisa lewat aplikasi, harus dateng ke samsat.",
Choirun Nisya,8 Mei 2025,5,kebetulan saya lupa harus bayar pajak tahunan motor. karena sudah mepet dan repot akhirnya pakai SIGNAL. Dan Alhamdulillah mudah untuk pemula yg baru bayar pajak online.,
satrio andini,10 Mei 2025,5,"alhamdulillah sangat membantu sekali untuk saya membayar pajak gak ribet harus datang ke samsat,tinggal lewat hap semua sudah selesai dan tidak menunggu waktu lama kurang lebih seminggu sudah diantar sampai dirumah",
Fajar Agus Wijaya,13 Juli 2025,5,"membantu tapi kebanyakan biaya, seharusnya bayar 362.000 jadi selisih 20rb dan kebanyakan admin ini ono",
ucok black,3 Mei 2025,1,"tinggal melakukan pembayaran,sudah 2 kali ini.loadingnya lama ( sudah loading lama gak bisa masuk pula ) tolong apk segera di perbaiki,biar memudahkan masyarakat ğŸ™ğŸ™ trimakasih",
Hery Susilo,16 Mei 2025,5,"mantap, proses dari daftar sampai kirim cuma 3 hari. walau yg pertama sempat error di pembayaran, pas coba daftar ulang dan berhasil..",
Rangga,2025-04-27 00:00:00,1,"saya tida Faham dengan apk ini, saya veriv mau login tidak bisa, apa maksudnya ? disuruh ke dukcapil kalo saya gabisa login ya berati saya gabisa login apk lain, buktinya bisa di apk lain, perlu banyak perbaikan menurut saya",
Eko Purnomo,2025-04-28 00:00:00,1,"Perlu ektra sabar menunggu tagihan keluar, 2 minggu dari tgl jatuh tempo baru keluar, proses kiriman fisik yg baru cepat tergantung kota asal.",
oktober nando,23 Juni 2025,1,"aplikasi sampah, buang buang anggaran. tiap mau bayar ada aja kendala, udh coba bayar pkai m.banking gk bisa, bayar ke indomaret gk bisa jg.",
Jonathan Visser,5 Juni 2025,5,Perpanjang STNK kedua kalinya melalui aplikasi ini..Overall 2x perpanjang 2x selalu lancar ga ad masalah..Semoga bs lancar terus..,
Aisyah Putri,6 Mei 2025,2,"lambat jadinya, biasanya kalo bayar pajak STNK langsung jadi ini mah harus nunggu 1 bulan dulu baru dikirim STNK nya, itupun harus d email dulu baru d proses",
mas doni,1 Mei 2025,5,sangat membantu jadi tidak usah antri kesamsat Lagi mudah2an kedepannya untuk perpanjang 5 tahunan bisa lewat online juga biar enak ga usah antri lagi disamsat,
Drakor Favorit,4 Juli 2025,1,sulit verifikasi wajah dan ktp. koneksi sering loss. gila. kebanyakan dikorupsi duitnya. gak ada maintenance dan gak sanggup bayar IT yang mumpuni.,
boim ganesha,17 Mei 2025,5,"sangat membantu,,sudah lama ditunggu aplikasi seperti ini akhirnya hadir juga..sudah dicoba bayar pajak tahunan,lancar dan STNK baru dikirim ke alamat yg kita mau gak mesti ke alamat KTP",
Danto 13,13 Mei 2025,2,Dengan adanya aplikasi signal cukup membantu dan mempermudah masyarakat ga perlu antri tapi ko sya mau nambahin kendaraan sendiri knpa ga bisa ya padahal nomor yg sya masukin bener,
titin supriatin,14 Mei 2025,5,simpel praktis tepat sasaran dan bermanfaat banget..memudahkan buat org yg sibuk yg gak sempat ke samsat langsung buat bayar pajak kendaraan,
suryatna,15 Mei 2025,5,sangat membantu... tidak perlu datang ke kantor Samsat untuk antri... hanya dgn HP urusan bayar pajak bisa di bayar dgn mudah.. terima kasih Signal dan pos Indonesia,
Jambe Jorlang,4 Juni 2025,4,"Kenapa bayar pajak di samsat ada blanko Asuransi Jasaraharja, sementara lewat aplikasi jasa raharja/ Blanko kartu nya tdk disertakan? padahal bayar nya sama. bahkan lebih mahal krn B.Admin plus ongkir.",
wahendra top,6 Mei 2025,5,jd gk ribet dengan adanya aplikasi ini..transaksi sangat mudah..sangat membantu proses cepat..pengiriman dokumen juga jg cepat,
M Kafi,2025-04-11 00:00:00,4,"Appnya responsip, ui/ux nya buruk di bagian pengesahan STNK kalo bisa teksnya jangan sampe nyerobot icon, pengiriman lama bngt bisa sampe 4-7 hari jam kerja.",
Kadek Eli,2025-04-11 00:00:00,5,"app bagus. cuma kalau bisa, upayakan untuk bisa bayar pajak kendaraan tanpa harus ktp pribadi, atau pemilik pihak kedua. kurir kantor pos kurang ajar, main nitip nitip dokumen tanpa ada pemberitahuan sebelumnya. terimakasih",
Bima Satria pratama,2025-04-03 00:00:00,1,"percuma bikin aplikasi klo tetep konfirmasi nih ke samsat langsung, pembuatan aplikasi itu tujuannya untuk mempermudah pengguna dalam melakukan kegiatan transaksi secara digital, jadi kenapa harus validasi lagi ke samsat. database pengguna setelah pembelian motor gimana?",
Sugoichazha HZ,21 Maret 2025,5,"simple dan mudah digunakan, jadi hemat waktu bisa langsung diantar ketempat domisili kita gaperlu buang2 waktu pulkam dulu buat ngurusin pajak doang gak perlu ribet skrg.",
I am Wage,22 Maret 2025,1,"ga bisa daftarin kendaraan, padahal Wifi bagus, kuota juga ada. Tapi pas masukkin kendaraan keterangannya error check connection terus",
Dandy Okta,2025-04-09 00:00:00,1,"aplikasi nya perlu di maintenance, masa mau sign up aja gak bisa...di bagian kode OTP gak masuk masuk udah sampe 3x, padalah nomol dan alamat emailnya jelas. memang kebanyakan aplikasi dari pemerintah selalu gak di maksimalkan",
Ton Wartono,21 Maret 2025,4,"aplikasi signal user friendly, response time cukup bagus harap dipertahankan dan tingkatkan lagi fiturÂ²nya untuk kemudahan pengguna.",
Fajar Maulana,22 Maret 2025,5,"trimakasih signal akhirnya bisa juga bayar pajak di signal dan stnk bisa dikirim ke rumah tanpa ke samsat langsung,, trimakasih pokoknya lebih praktis dan tidak perlu mengluarkan dan lebih dan tidak menggangu pekerjaan",
Belvan Anugrah,25 Maret 2025,5,"sangat membantu, transparan, mudah lancar tanpa calo dan pungli. hanya bayar parkir kendaraan, kalau bisa di kantor pelayanan pemerintah parkir digratiskan. terimakasih",
Imam Setioedy,28 Maret 2025,5,"termasuk cepat untuk prosesnya, mudah mudahan ada fitur baru untuk pembayaran STNK kendaraan dari pemilik ke 2 sehingga ga perlu ke Samsat",
kiki dj,23 Maret 2025,4,ko ga bisa masuk sama sekali...uninstal..instal ulang juga tetep ga bisa..padahal tahun lalu bisa dipake lho aplikasinya... data kendaraan juga pada hilang di aplikasi padahal aplikasi abru diupdate 19 maret 2025 gitu lho,
Henki,2025-04-16 00:00:00,2,"Saat pendaftaran dan minta masuki OTP yg dikirim lewat SMS malah keluar belum berhasil, berkali2. Aplikasi parah.",
read one,19 Maret 2025,1,"emang ga jelas ni apk ga ada bantu nya saya mau ngisi kendaraan istri saya sendiri ga bisa dengan alesan kendaraan sudah di tambahkan sebelumnya pada hal saya ga pernah pake tuh apk aneh,percuma punya apk buang aja ga ada guna nya.",
Akbar Herlambang,18 Maret 2025,1,"sebenernya aplikasi ini sangat bagus, untuk proses pembayaran pajak secara online dan tidak ribet. tapi kenapa untuk STNK yg aktif tidak langsung dapat menggunakan pembayaran secara online",
Agung Pratama,2025-04-03 00:00:00,4,"mohon maaf min...saya mau bayar pajak tpi kenapa kode pembayaran selalu gagal dan kode pembayaran kadaluarsa,padahal baru beberapa menit,saya sudah mencoba lewat brimo,mandiri sama dana,kenapa gagal trus",
mr. Arredho,2025-04-11 00:00:00,5,"sangat membantu dalam pembayaran pajak kendaraan, banyak masyarakat yg mau membayar pajak tetapi tidak sempat tetapi dgn aplikasi ini semoga bisa meningkatkan ketaatan dlm membayar pajak",
